Name,Description,Category,Level,Price,Estimated Price,Tags,Benefits,Prerequisites,Video Titles,Video Sections,Video Lengths,Video Links
Complete Java Course: From Beginner to Advanced,"Complete Java Course: From Beginner to Advanced ðŸš€

Welcome to the ultimate Java Programming Course, designed to take you from a complete beginner to an advanced Java developer! Whether you're just starting with programming or looking to enhance your Java skills, this course provides a comprehensive and hands-on learning experience.

What Youâ€™ll Learn:
âœ… Introduction to Java â€“ Basics, features, and setting up the development environment.
âœ… Java Syntax & Data Types â€“ Variables, data types, operators, and control flow statements.
âœ… Object-Oriented Programming (OOP) â€“ Classes, objects, inheritance, polymorphism, abstraction, and encapsulation.
âœ… Exception Handling & Debugging â€“ Learn how to handle errors and debug effectively.
âœ… Java Collections Framework â€“ Lists, Sets, Maps, and Queues for efficient data management.
âœ… Multithreading & Concurrency â€“ Understand how to build efficient and parallel programs.
âœ… File Handling & I/O Operations â€“ Read/write files and work with input/output streams.
âœ… JDBC & Database Connectivity â€“ Connect Java applications with databases like MySQL.
âœ… Spring Framework & Web Development â€“ Build real-world applications with Spring Boot.
âœ… Java for API Development â€“ RESTful APIs, JSON handling, and integration.

Why Learn Java?
ðŸ”¹ Java is one of the most in-demand programming languages for software development, web applications, and Android development.
ðŸ”¹ It is platform-independent, meaning Java programs can run on any system with the JVM (Java Virtual Machine).
ðŸ”¹ Used by top tech companies, including Google, Amazon, and Microsoft.

By the end of this course, youâ€™ll have strong Java programming skills and be able to build real-world projects confidently.

ðŸ’¡ Enroll now and start your Java journey today! ðŸš€ðŸ”¥",Web Development,Beginner,499,1000,"JAVA, FULL STACK","Comprehensive Learning Path â€“ This course covers everything from basics to advanced topics, including Java syntax, OOP concepts, multithreading, database connectivity, and web development. | Hands-on Practical Experience â€“ You will work on real-world projects, coding exercises, and assignments to strengthen your Java skills. | Career Advancement & Job Opportunities â€“ Java is widely used in enterprise applications, Android development, and backend systems. | Industry-Relevant & Future-Proof â€“ Java is a stable, high-demand programming language used by major tech companies like Google, Amazon, and Netflix.","Basic Computer Knowledge â€“ You should have a basic understanding of how a computer works, including installing software and using text editors. | Logical Thinking & Problem-Solving Skills â€“ Programming requires a logical mindset. If you're comfortable with basic math and problem-solving, you're ready to learn Java. | Familiarity with Any Programming Language (Optional) â€“ Having experience with Python, C, or any other language can make learning Java easier. | A Laptop/PC with Java Installed â€“ You need to install Java Development Kit (JDK) and an IDE like IntelliJ IDEA or Eclipse. Instructions are covered in the course.",What is Java | What is Variables | Conditional Statements,BASICS OF JAVA | BASICS OF JAVA | CONDITIONAL & LOOPS,19 | 43 | 24,https://www.github.com | https://www.github.com | https://www.github.com
